smiles,logSolubility
CCCC(=O)CC,-0.83
c1cc2ccc(OC)c(CC=C(C)(C))c2oc1=O,-4.314
CCS,-0.6
CCCOC(=O)CCC,-1.75
CC1CO1,-0.59
Oc2cc(O)c1C(=O)CC(Oc1c2)c3ccc(O)c(O)c3,-3.62
ClCC#N,-0.092
COc1ccc(cc1)C(O)(C2CC2)c3cncnc3,-2.596
CC(C)COC(=O)C,-1.21
OCC1OC(CO)(OC2OC(COC3OC(CO)C(O)C(O)C3O)C(O)C(O)C2O)C(O)C1O,-0.41
Cc1c(C)c2c3ccccc3ccc2c4ccccc14,-7.01
CC(=O)C(C)(C)C,-0.72
CCC1(C(C)C)C(=O)NC(=O)NC1=O,-2.21
CCN2c1ncccc1N(C)C(=S)c3cccnc23,-4.634
c1(C(C)(C)C)cc(C(C)(C)C)cc(OC(=O)NC)c1,-4.24
COC(C)(C)CCCC(C)CC=CC(C)=CC(=O)OC(C)C,-5.19
Clc1cccc(Cl)c1c2c(Cl)cccc2Cl,-7.39
C=CC#N,0.15
Cc1ccc(Cl)cc1,-3.08
NC(=O)NC1NC(=O)NC1=O,-1.6
COc1nc(NC(C)C)nc(NC(C)C)n1,-2.478
CC2Cc1ccccc1N2NC(=O)c3ccc(Cl)c(c3)S(N)(=O)=O,-3.5860000000000003
NC(=O)c1ccccc1O,-1.82
CC(=O)OC3(CCC4C2C=C(C)C1=CC(=O)CCC1(C)C2CCC34C)C(C)=O,-5.35
CC(C)CCC(C)(C)C,-5.05
CCNc1nc(NC(C)(C)C)nc(SC)n1,-4.0
CCCCCC=O,-1.3
O=c2c(C3CCCc4ccccc43)c(O)c1ccccc1o2,-2.84
CCN2c1ccccc1N(C)C(=S)c3cccnc23,-4.706
COC(=O)C,0.46
Oc1cc(Cl)c(Cl)cc1Cl,-2.21
CCCCC(=O)OC,-1.34
c2ccc1NCCc1c2,-1.04
CCCCc1ccccc1,-4.06
COP(=O)(OC)C(O)C(Cl)(Cl)Cl,-0.22
Fc1cccc(F)c1C(=O)NC(=O)Nc2ccc(Cl)cc2,-6.02
C1CCCC1,-2.64
Brc1ccc(I)cc1,-4.56
Clc1cccc(I)c1,-3.55
CC(C)N(C(=O)CCl)c1ccccc1,-2.48
COc1ccccc1OCC(O)COC(N)=O,-0.985
O=c2[nH]c1CCCc1c(=O)n2C3CCCCC3,-4.593999999999999
ClC(Cl)Cl,-1.17
ClC(Cl)C(c1ccc(Cl)cc1)c2ccc(Cl)cc2,-7.2
N#Cc1ccccc1C#N,-2.38
CCSC(=O)N(CC)C1CCCCC1,-3.4
CCOP(=S)(OCC)Oc1ccc(cc1)S(C)=O,-2.3
CCCCC=C,-3.23
CCCC(O)CC,-0.8
CCOP(=S)(OCC)Oc1ccc(cc1)N(=O)=O,-4.66
CCOc1ccc(cc1)C(C)(C)COCc3cccc(Oc2ccccc2)c3,-8.6
Cc1ccc(O)cc1,-0.73
CCOCC,-0.09
CN(C)C(=O)SCCCCOc1ccccc1,-3.927
CCC1(C(=O)NCNC1=O)c2ccccc2,-2.64
CC(=O)Nc1ccc(F)cc1,-1.78
CCCC(=C)C,-3.03
CCCC(=O)CCC,-1.3
CCC(C)O,0.47
CCOC(=O)CCN(SN(C)C(=O)Oc1cccc2CC(C)(C)Oc21)C(C)C,-4.71
Clc1cccc(c1Cl)c2cccc(Cl)c2Cl,-7.28
CC12CCC(O)CC1CCC3C2CCC4(C)C3CCC4=O,-4.402
O=C1CCCCC1,-0.6
CCc1ccccc1CC,-3.28
CC(=O)N,1.58
CCOC(=O)NCCOc2ccc(Oc1ccccc1)cc2,-4.7
COP(=S)(OC)Oc1ccc(Sc2ccc(OP(=S)(OC)OC)cc2)cc1,-6.237
CCCCCC,-3.84
N(Nc1ccccc1)c2ccccc2,-2.92
CC1(C)C(C=C(Cl)Cl)C1C(=O)OC(C#N)c2ccc(F)c(Oc3ccccc3)c2,-7.337000000000001
ClC1C(Cl)C(Cl)C(Cl)C(Cl)C1Cl,-4.64
CC1=C(SCCO1)C(=O)Nc2ccccc2,-3.14
Cc1ccc(OP(=O)(Oc2cccc(C)c2)Oc3ccccc3C)cc1,-6.01
CCCCCCC#C,-3.66
CC(C)CCO,-0.51
FC(F)(Cl)C(F)(Cl)Cl,-3.04
CCCC(C)O,-0.29
C1Cc2cccc3cccc1c23,-4.63
CNC(=O)Oc1ccccc1C(C)C,-2.863
c1cnc2c(c1)ccc3ncccc23,-2.68
ClC(=C(Cl)C(=C(Cl)Cl)Cl)Cl,-4.92
CCN(CC)c1nc(Cl)nc(n1)N(CC)CC,-4.4110000000000005
OC1CCCCCCC1,-1.29
CCN(CC)c1ccccc1,-3.03
Nc1nccs1,-0.36
CC34CC(=O)C1C(CCC2=CC(=O)CCC12C)C3CCC4(=O),-3.48
CCC2NC(=O)c1cc(c(Cl)cc1N2)S(N)(=O)=O,-3.29
CCCCCCCC,-5.24
Cc2cnc1cncnc1n2,-0.8540000000000001
CC(=O)Nc1cc(NS(=O)(=O)C(F)(F)F)c(C)cc1C,-3.24
CC(=C)C(=C)C,-2.4
Nc1nc[nH]n1,0.522
COc1ccccc1,-1.85
CCCCCC(C)C,-5.08
O=c1[nH]cnc2[nH]ncc12,-2.266
COP(=O)(OC)OC(Br)C(Cl)(Cl)Br,-2.28
NS(=O)(=O)c3cc2c(NC(Cc1ccccc1)NS2(=O)=O)cc3C(F)(F)F,-3.59
CCOC(=O)c1ccccc1C(=O)OCC,-2.35
C/C=C/C=O,0.32
N(c1ccccc1)c2ccccc2,-3.504
Clc1ccc2ccccc2c1,-4.14
Cc1c[nH]c2ccccc12,-2.42
CCCCBr,-2.37
CCCCN(CC)c1c(cc(cc1N(=O)=O)C(F)(F)F)N(=O)=O,-5.53
CCCC=C,-2.68
FC(F)(F)C(Cl)Br,-1.71
C1CCC=CCC1,-3.18
Nc1ccc(cc1)c2ccc(N)cc2,-2.7
Nc1ccccc1,-0.41
CC34CCC1C(CC=C2CC(O)CCC12C)C3CCC4=O,-4.12
Cc1cccc2c(C)cccc12,-4.678999999999999
CN(C)C(=O)Oc1nc(nc(C)c1C)N(C)C,-1.95
CC(C)N(C(C)C)C(=O)SCC(=CCl)Cl,-4.2860000000000005
CCSSCC,-2.42
CCCCCCCCCCCCCCCCCCO,-8.4
OCC(NC(=O)C(Cl)Cl)C(O)c1ccc(cc1)N(=O)=O,-2.111
Fc1ccccc1,-1.8
CCOC(=O)c1ccccc1S(=O)(=O)NN(C=O)c2nc(Cl)cc(OC)n2,-4.5760000000000005
Clc1ccc(cc1)N(=O)=O,-2.92
CCSCc1ccccc1OC(=O)NC,-2.09
CCOc1ccccc1,-2.33
CCN(CC)C(=S)SCC(Cl)=C,-3.39
CCCC1COC(Cn2cncn2)(O1)c3ccc(Cl)cc3Cl,-3.4930000000000003
O=C1NC(=O)NC(=O)C1(C(C)CCC)CC=C,-2.356
CC(=O)OC3(C)CCC4C2CCC1=CC(=O)CCC1(C)C2CCC34C,-5.284
OC1CCCCC1,-0.44
CCC(C)(C)C,-3.55
O=C1NC(=O)NC(=O)C1(CC=C)CC=C,-2.077
CCC(C)n1c(=O)[nH]c(C)c(Br)c1=O,-2.523
Oc1cc(Cl)cc(Cl)c1,-1.34
NC(=O)c1ccccc1,-0.96
Nc2cnn(c1ccccc1)c(=O)c2Cl,-2.878
CCC(C)(O)CC,-0.36
NC(N)=NC#N,-0.31
Brc1ccc(Br)cc1,-4.07
CCNP(=S)(OC)OC(=CC(=O)OC(C)C)C,-3.408
c1(O)c(C)ccc(C(C)C)c1,-2.08
Cc1ccc(cc1)S(=O)(=O)N,-1.74
COC(=O)c1ccccc1C(=O)OC,-1.66
c1(O)cc(O)ccc1CCCCCC,-2.59
CCN(CC)C(=O)C(=CCOP(=O)(OC)OC)Cl,0.523
CCCC(C)(C)CO,-1.52
CCC(C)C(=O)OC2CC(C)C=C3C=CC(C)C(CCC1CC(O)CC(=O)O1)C23,-6.005
CCC(Br)(CC)C(=O)NC(N)=O,-2.68
Cc1ccc(cc1N(=O)=O)N(=O)=O,-2.82
CNC(=O)Oc1ccccc1OC(C)C,-2.05
Clc1ccc(Cl)c(c1)c2ccc(Cl)c(Cl)c2,-7.25
Clc1ccc(Cl)c(c1)c2c(Cl)c(Cl)cc(Cl)c2Cl,-7.42
CC1=CCC(CC1)C(C)=C,-4.26
O=C1N(COC(=O)CCCCCC)C(=O)C(N1)(c2ccccc2)c3ccccc3,-6.301
CN2C(=C(O)c1ccccc1S2(=O)=O)C(=O)Nc3ccccn3,-4.16
CC/C=C\C,-2.54
C(c1ccccc1)c2ccccc2,-4.08
COc1cc(CC=C)ccc1O,-1.56
CCN2c1cc(Cl)ccc1NC(=O)c3cccnc23,-5.36
CCOP(=S)(OCC)ON=C(C#N)c1ccccc1,-4.862
OCC(O)C2OC1OC(OC1C2O)C(Cl)(Cl)Cl,-1.84
O=C(Cn1ccnc1N(=O)=O)NCc2ccccc2,-2.81
CNC(=O)ON=C(SC)C(=O)N(C)C,0.106
NC(=O)c1cnccn1,-0.667
CCC(C)(C)CO,-1.04
CNC(=O)C=C(C)OP(=O)(OC)OC,0.6509999999999999
CC34CCC1C(CCc2cc(O)ccc12)C3CCC4(O)C#C,-4.3
c2ccc1[nH]ccc1c2,-1.52
ClC1(C2(Cl)C3(Cl)C4(Cl)C5(Cl)C1(Cl)C3(Cl)Cl)C5(Cl)C(Cl)(Cl)C24Cl,-6.8
CCCCCc1ccccc1,-4.64
CCOC(=O)C,-0.04
CCCCOC(=O)CCCCCCCCC(=O)OCCCC,-3.896
CCc1cccc2ccccc12,-4.17
CNc1ccccc1,-1.28
O=C1NC(=O)C(=O)N1,-0.4
Cc1c[nH]c(=O)[nH]c1=O,-1.506
ClC=C(Cl)Cl,-1.96
CC1CC2C3CC(F)C4=CC(=O)C=CC4(C)C3(F)C(O)CC2(C)C1(O)C(=O)CO,-5.613
c1cc(C)cc2c1c3cc4cccc5CCc(c45)c3cc2,-7.92
CCCCCC(O)CC,-1.98
O=N(=O)c1c(Cl)c(Cl)ccc1,-3.48
Cc1ccc2ccccc2c1,-3.77
CCNc1nc(Cl)nc(n1)N(CC)CC,-4.06
OCC1OC(O)(CO)C(O)C1O,0.64
CC(C)c1ccc(C)cc1,-3.77
CCCCC(C)CC,-5.16
CC(C)C(=O)C(C)C,-1.3
CCOP(=S)(OCC)SCn1c(=O)oc2cc(Cl)ccc12,-5.233
CN(C)C(=O)OC1=CC(=O)CC(C)(C)C1,-0.85
CC1(C)C(C=C(Cl)Cl)C1C(=O)OCc2cccc(Oc3ccccc3)c2,-6.291
c1ccc2cnccc2c1,-1.45
Oc1cc(Cl)c(Cl)c(Cl)c1Cl,-3.15
C1OC1c2ccccc2,-1.6
COc1ccccc1O,-1.96
CCCCOCCCC,-1.85
C(Cc1ccccc1)c2ccccc2,-4.62
Clc1ccc(Cl)c(c1)c2cccc(Cl)c2Cl,-6.47
CCCCCC#C,-3.01
CC(C)C(Nc1ccc(cc1Cl)C(F)(F)F)C(=O)OC(C#N)c2cccc(Oc3ccccc3)c2,-8.003
CCCC/C=C/C,-3.82
Clc1ccc(cc1)c2c(Cl)cccc2Cl,-6.14
Cc1c(C)c(C)c(C)c(C)c1C,-5.23
CC12CCC3C(CCc4cc(O)ccc34)C2CCC1O,-5.03
FC(F)(F)c1cccc(c1)N2CC(CCl)C(Cl)C2=O,-4.047
ClC1=C(Cl)C2(Cl)C3C4CC(C=C4)C3C1(Cl)C2(Cl)Cl,-6.307
Nc1cccc2ccccc12,-1.92
ClCCCCl,-1.62
Clc1ccc(cc1)c2ccccc2Cl,-5.28
OCC2OC(OC1(CO)OC(CO)C(O)C1O)C(O)C(O)C2O,0.79
CC1(C)C2CCC1(C)C(O)C2,-2.32
CCCCCCCC=C,-5.05
Cc1ccccc1Cl,-3.52
c1ccc2cc3c4cccc5cccc(c3cc2c1)c45,-8.49
ClC(Br)Br,-1.9
CCCCC1C(=O)N(N(C1=O)c2ccc(O)cc2)c3ccccc3,-3.73
O=C1N(C2CCC(=O)NC2=O)C(=O)c3ccccc13,-2.676
O=C(C=CC=Cc2ccc1OCOc1c2)N3CCCCC3,-3.46
CC(=O)Nc1ccccc1,-1.33
Cc3nnc4CN=C(c1ccccc1Cl)c2cc(Cl)ccc2n34,-4.09
COP(=S)(OC)Oc1cc(Cl)c(Br)cc1Cl,-6.09
CCC(=O)Nc1ccc(Cl)c(Cl)c1,-3.0
CCCCCCCCCO,-3.01
CC2=CC(=O)c1ccccc1C2=O,-3.03
CCc1ccc2ccccc2c1,-4.29
Cc1ncc(N(=O)=O)n1CCO,-1.22
Cc1cc(C)c(C)c(C)c1C,-4.0
c2ccc1scnc1c2,-1.5
CC(C)Cl,-1.41
ClC(Cl)C(Cl)Cl,-1.74
OC1C=CC2C1C3(Cl)C(=C(Cl)C2(Cl)C3(Cl)Cl)Cl,-5.46
O=Cc2ccc1OCOc1c2,-1.63
Cn1cnc2n(C)c(=O)[nH]c(=O)c12,-2.523
NNc1ccccc1,0.07
CCNc1nc(Cl)nc(NC(C)C)n1,-3.85
Nc1ncnc2nc[nH]c12,-2.12
O=C(c1ccccc1)c2ccccc2,-3.12
Cc1ccccc1n3c(C)nc2ccccc2c3=O,-2.925
ClC(Cl)C(c1ccc(Cl)cc1)c2ccc(Cl)cc2,-7.2
CNC(=O)Oc1cccc(N=CN(C)C)c1,-2.34
Oc1c(Br)cc(C#N)cc1Br,-3.33
CCOC=C,-0.85
CCN2c1nc(C)cc(C)c1NC(=O)c3cccnc23,-4.553999999999999
Cc1ccc(Br)cc1,-3.19
NC(=O)c1cccnc1,0.61
CCC=O,0.58
Cc1cccc2c1ccc3ccccc32,-5.85
Clc1ccc(Cl)c(c1)c2cc(Cl)c(Cl)c(Cl)c2Cl,-7.68
Oc2ccc1CCCCc1c2,-1.99
c1ccc2c(c1)ccc3c4ccccc4ccc23,-8.057
Cc1ccc(cc1)c2ccccc2,-4.62
COP(=O)(NC(C)=O)SC,0.54
C=CCC=C,-2.09
CC34CC(O)C1(F)C(CCC2=CC(=O)CCC12C)C3CCC4(O)C(=O)CO,-3.43
CC(=O)c1ccccc1,-1.28
CC=C,-1.08
CCN2c1ccccc1N(C)C(=O)c3ccccc23,-4.749
CC34CCC1C(CCC2CC(O)CCC12C)C3CCC4=O,-4.16
Oc1ccc(Cl)cc1Cl,-1.55
O=C2NC(=O)C1(CCCCCCC1)C(=O)N2,-2.982
CC(=O)OCC(=O)C3(O)CCC4C2CCC1=CC(=O)C=CC1(C)C2C(O)CC34C,-4.37
Clc1ccccc1c2ccccc2,-4.54
CCCC1CCCC1,-4.74
CC(C)COC=O,-1.01
CCCCCCCCCC(C)O,-2.94
Cc1cccc(C)c1C,-3.2
CC12CCC3C(CCC4=CC(=O)CCC34C)C2CCC1C(=O)CO,-3.45
CCCN(CCC)c1c(cc(cc1N(=O)=O)S(N)(=O)=O)N(=O)=O,-5.16
CCCCCCc1ccccc1,-5.21
BrCBr,-1.17
ClC(=C(Cl)Cl)Cl,-2.54
CNC(=O)Oc1ccc(N(C)C)c(C)c1,-2.36
CN(C)C(=O)Nc2ccc(Oc1ccc(Cl)cc1)cc2,-4.89
c1ccccc1,-1.64
COP(=S)(OC)SCC(=O)N(C(C)C)c1ccc(Cl)cc1,-4.432
CC12CCC(=O)C=C1CCC3C2CCC4(C)C3CCC4(O)C#C,-5.66
C1c2ccccc2c3ccc4ccccc4c13,-6.68
Fc1ccc(F)cc1,-1.97
OCCOc1ccccc1,-0.7
O=C1NCCN1c2ncc(s2)N(=O)=O,-3.22
CCOC2Oc1ccc(OS(C)(=O)=O)cc1C2(C)C,-3.42
CC(C)CBr,-2.43
c1ccc2ncccc2c1,-1.3
CC#N,0.26
Fc1cccc(F)c1,-2.0
CCCCCCCCO,-2.39
Cc1cc(=O)[nH]c(=S)[nH]1,-2.436
Clc1cc(c(Cl)c(Cl)c1Cl)c2cc(Cl)c(Cl)c(Cl)c2Cl,-9.16
CCOP(=S)(OCC)Oc2ccc1oc(=O)c(Cl)c(C)c1c2,-5.382000000000001
Cn1c(=O)n(C)c2nc[nH]c2c1=O,-1.39
CCCCC(=O)OC3(C(C)CC4C2CCC1=CC(=O)C=CC1(C)C2(F)C(O)CC34C)C(=O)CO,-4.71
C=CC=O,0.57
Oc1c(Cl)cc(Cl)cc1Cl,-2.34
CC(C)OC(=O)C,-0.55
CC1CC2C3CCC4=CC(=O)C=CC4(C)C3(F)C(O)CC2(C)C1(O)C(=O)CO,-3.59
c1cC2C(=O)NC(=O)C2cc1,-2.932
CCCc1ccccc1,-3.37
CNN,1.34
CCNc1nc(Cl)nc(NC(C)(C)C#N)n1,-3.15
Oc1cccc(c1)N(=O)=O,-1.01
O=C1N(COC(=O)CC)C(=O)C(N1)(c2ccccc2)c3ccccc3,-4.907
O=C1NC(=O)NC(=O)C1(C(C)C)C(C)C,-2.766
BrCCBr,-1.68
Cn2c(=O)n(C)c1ncn(CC(O)CO)c1c2=O,-0.17
CN1CC(O)N(C1=O)c2nnc(s2)C(C)(C)C,-1.877
CCCOCCC,-1.62
CC(C)(C)CCO,-0.5
CCN(CC)C(=O)C(C)Oc1cccc2ccccc12,-3.57
O=C1NC(=O)NC(=O)C1(C)CC=C,-1.16
CC1OC(CC(O)C1O)OC2C(O)CC(OC2C)OC8C(O)CC(OC7CCC3(C)C(CCC4C3CCC5(C)C(CCC45O)C6=CC(=O)OC6)C7)OC8C,-5.292999999999999
ICI,-2.34
COP(=S)(OC)SCC(=O)N(C)C=O,-1.995
CCCCl,-1.47
CCCOC=O,-0.49
CCCCCCCCC=C,-5.51
Cc1c(cccc1N(=O)=O)N(=O)=O,-3.0
CCCCCCCCCCCCCCO,-5.84
CCC(C)CC,-3.68
O=N(=O)OCC(CON(=O)=O)ON(=O)=O,-2.22
COP(=S)(OC)Oc1ccc(SC)c(C)c1,-4.57
FC(F)(F)c1ccccc1,-2.51
O=C1NC(=O)NC(=O)C1(CC)c1ccccc1,-2.322
OCc1ccccc1,-0.4
CCOP(=S)(OCC)SCSP(=S)(OCC)OCC,-5.54
Cc1[nH]c(=O)n(c(=O)c1Cl)C(C)(C)C,-2.484
CCOCCOCC,-0.77
CCCCCCCCl,-4.0
c1ccccc1NC(=O)c2c(O)cccc2,-3.59
CCN2c1ccccc1N(C)C(=O)c3cccnc23,-3.324
c1ccccc1(OC(=O)NC),-1.803
CN(C=Nc1ccc(C)cc1C)C=Nc2ccc(C)cc2C,-5.47
CC(C)C1CCC(C)CC1O,-2.53
C=C,-0.4
CC(C)OC(=O)C(O)(c1ccc(Br)cc1)c2ccc(Br)cc2,-4.93
CC(C)N(C(C)C)C(=O)SCC(Cl)=C(Cl)Cl,-4.88
CNC(=O)Oc1cc(C)cc(C)c1,-2.5810000000000004
CCCI,-2.29
C1CCCCCC1,-3.51
CC#C,-0.41
CCCCc1c(C)nc(nc1O)N(C)C,-2.24
CC(=O)OCC(=O)C3(O)CCC4C2CCC1=CC(=O)CCC1(C)C2C(=O)CC34C,-4.21
CC(C)=CCC/C(C)=C\CO,-2.46
CCCCC(=O)CCCC,-2.58
CCCC(C)(C)C,-4.36
CN2C(=O)CN=C(c1ccccc1)c3cc(Cl)ccc23,-3.754
C1SC(=S)NC1(=O),-1.77
CCC(=O)OC3CCC4C2CCC1=CC(=O)CCC1(C)C2CCC34C,-5.37
CCCCCC(C)O,-1.55
Cc1ccc(N)cc1,-1.21
Cc1cccnc1C,0.38
CC(C)CC(C)C,-4.26
Brc1cc(Br)c(Br)cc1Br,-6.98
CC(C)CC(C)O,-0.8
Oc1cccc(Cl)c1Cl,-1.3
Clc1ccc(Cl)c(c1)c2c(Cl)c(Cl)c(Cl)c(Cl)c2Cl,-8.94
CC(C)(C)c1ccccc1,-3.66
CC(C)=CC3C(C(=O)OCc2cccc(Oc1ccccc1)c2)C3(C)C,-5.24
c2c(C)cc1nc(C)ccc1c2,-1.94
CCN2c1nc(Cl)ccc1N(C)C(=O)c3cccnc23,-4.114
Cc1ccc(C)cc1,-2.77
O=N(=O)c1cccc2ccccc12,-3.54
OC(C(=O)c1ccccc1)c2ccccc2,-2.85
CC1(O)CCC2C3CCC4=CC(=O)CCC4(C)C3CCC21C,-3.999
CCN2c1nc(C)cc(C(F)(F)F)c1NC(=O)c3cccnc23,-4.207
Oc1cccc(O)c1,0.81
CCC(C(CC)c1ccc(O)cc1)c2ccc(O)cc2,-4.43
Clc1ccccc1I,-3.54
NC(=N)NS(=O)(=O)c1ccc(N)cc1,-1.99
Clc1cc(Cl)c(cc1Cl)c2cc(Cl)c(Cl)cc2Cl,-8.56
CCOC(=O)c1cncn1C(C)c2ccccc2,-4.735
CC(C)C(C)(C)C,-4.36
ClC(Cl)C(c1ccc(Cl)cc1)c2ccccc2Cl,-6.51
c1cncnc1,1.1
CC=C(C(=CC)c1ccc(O)cc1)c2ccc(O)cc2,-4.95
Clc1cc(Cl)c(c(Cl)c1)c2c(Cl)cccc2Cl,-7.32
ClC2=C(Cl)C3(Cl)C1C=CCC1C2(Cl)C3(Cl)Cl,-5.64
CC(C)(C)Cc1ccccc1,-4.15
CCOP(=S)(OCC)SC(CCl)N1C(=O)c2ccccc2C1=O,-6.34
Oc1ccc(Cl)c(Cl)c1Cl,-2.67
Oc2ncc1nccnc1n2,-1.947
COc1ccccc1O,-1.96
CC1CC(C)C(=O)C(C1)C(O)CC2CC(=O)NC(=O)C2,-1.13
ClC(Cl)C(Cl)(Cl)Cl,-2.6
Oc1ccccc1O,0.62
CCCCCCCCCCCC(=O)OC,-4.69
Clc1ccc(Cl)cc1,-3.27
Clc1ccccc1Br,-3.19
O=C1NC(=O)NC(=O)C1(C(C)C)CC=C(C)C,-2.593
CC(C)CC(C)(C)C,-4.74
COC(=O)c1ccc(O)cc1,-1.827
Cc1c(F)c(F)c(COC(=O)C2C(C=C(Cl)C(F)(F)F)C2(C)C)c(F)c1F,-7.321000000000001
ClCC#CCOC(=O)Nc1cccc(Cl)c1,-4.37
c2cnc1ncncc1n2,0.02
CCC1(C(=O)NC(=O)NC1=O)C2=CCC3CCC2C3,-2.696
Nc1cccc(Cl)c1,-1.37
Brc1cc(Br)cc(Br)c1,-5.6
COCOC,0.48
O=C1NC(=O)NC(=O)C1(CC)CC=C(C)C,-2.253
CCN(CC)c1nc(Cl)nc(NC(C)C)n1,-3.785
Cc2ncc1nccnc1n2,-0.12
CNC(=O)C(C)SCCSP(=O)(OC)(OC),1.144
Nc1ccc(Cl)cc1,-1.66
C=CC=C,-1.87
COC(=O)C1=C(C)NC(=C(C1c2ccccc2N(=O)=O)C(=O)OC)C,-4.76
CCCOP(=S)(OCCC)SCC(=O)N1CCCCC1C,-4.15
O=C1NC(=O)NC(=O)C1(CC)CCC(C)C,-2.658
Nc1ccc(O)cc1,-0.8
CCCCC(CC)CO,-2.11
C1c2ccccc2c3ccccc13,-5.0
Clc1ccc(c(Cl)c1Cl)c2ccc(Cl)c(Cl)c2Cl,-8.01
Clc1ccc(CN(C2CCCC2)C(=O)Nc3ccccc3)cc1,-5.915
O=C1NC(=O)C(=O)C(=O)N1,-1.25
CCCOC(=O)C,-0.72
CCCCCl,-2.03
C,-0.9
O=c2[nH]c(=O)c1[nH]c(=O)[nH]c1[nH]2,-3.93
CCCCCCC(C)O,-2.09
CCOC(=O)CC,-0.66
CC(C)I,-2.09
COP(=S)(OC)Oc1cc(Cl)c(Cl)cc1Cl,-5.72
CNC(=O)Oc1cccc2CC(C)(C)Oc12,-2.8
CCCC(O)C=C,-0.59
CCOC(=O)c1ccc(O)cc1,-2.35
Clc1cccc(c1Cl)c2c(Cl)c(Cl)cc(Cl)c2Cl,-8.6
CC(OC(=O)Nc1cccc(Cl)c1)C#C,-2.617
COc1ccc(C=CC)cc1,-3.13
O=c1cc[nH]c(=O)[nH]1,-1.4880000000000002
CC(C)=CCCC(O)(C)C=C,-1.99
NS(=O)(=O)c1cc(ccc1Cl)C2(O)NC(=O)c3ccccc23,-3.451
Cc1cc(C)c2ccccc2c1,-4.29
COC(C)(C)C,-0.24
CI,-1.0
Clc1cccc(Cl)c1Cl,-4.0
CCN(CC)C(=S)SSC(=S)N(CC)CC,-4.86
Cc1cc(C)cc(O)c1,-1.4
CC(C)(C)CO,-0.4
CCCC(C)C1(CC=C)C(=O)NC(=S)NC1=O,-3.46
O=C1NC(=O)NC(=O)C1(CC)C(C)C,-2.148
CC(C)CCOC=O,-1.52
NS(=O)(=O)c2cc1c(NCNS1(=O)=O)cc2Cl,-2.63
CC(C)N(=O)=O,-0.62
Oc1ccc(C=O)cc1,-0.96
Clc2c(Cl)c(Cl)c(c1ccccc1)c(Cl)c2Cl,-7.92
Cc1cccc(N)c1,-0.85
CCCC(C)(COC(N)=O)COC(N)=O,-1.807
Cc1ncc(N(=O)=O)n1CCO,-1.26
CC1(C)C(C=C(Br)Br)C1C(=O)OC(C#N)c2cccc(Oc3ccccc3)c2,-8.402000000000001
Nc1ccc(cc1)S(N)(=O)=O,-1.34
Clc2ccc(Oc1ccc(cc1)N(=O)=O)c(Cl)c2,-5.46
CCOC(=O)CC(SP(=S)(OC)OC)C(=O)OCC,-3.37
O=C1NC(=O)NC(=O)C1(CC)C(C)CCC,-2.39
Clc1cc(Cl)cc(Cl)c1,-4.48
CN(C)C(=O)NC1CCCCCCC1,-2.218
CN(C)C(=O)NC1CC2CC1C3CCCC23,-3.1710000000000003
Sc2nc1ccccc1s2,-3.18
Oc1c(Cl)c(Cl)cc(Cl)c1Cl,-3.37
CCCCC1(CC)C(=O)NC(=O)NC1=O,-1.661
CCCOC(=O)c1ccc(N)cc1,-2.452
CC(C)Cc1ccccc1,-4.12
c1(Br)c(Br)cc(Br)cc1,-4.5
Oc1ccc(Cl)c(Cl)c1,-1.25
Oc1c(I)cc(C#N)cc1I,-3.61
COc2ccc(Oc1ccc(NC(=O)N(C)C)cc1)cc2,-4.16
Sc1ccccc1,-2.12
Cc1ccccc1,-2.21
c1ccc2c(c1)cc3ccc4cccc5ccc2c3c45,-8.699
CN(C(=O)NC(C)(C)c1ccccc1)c2ccccc2,-3.35
CC(C)OP(=S)(OC(C)C)SCCNS(=O)(=O)c1ccccc1,-4.2
CNC(=O)Oc1cccc2ccccc12,-3.224
Clc1cccc(Br)c1,-3.21
ClCCC#N,-0.29
CCC#CCC,-1.99
Nc1ccccc1O,-0.72
O=C1NC(=O)NC(=O)C1(CC)CC=C,-1.614
CCC1(CCC(=O)NC1=O)c2ccccc2,-2.337
CC(C)OC(C)C,-1.1
c1ccsc1,-1.33
CCCCOC,-0.99
Cc1cccc(C)c1O,-1.29
CC(=C)C,-2.33
CSc1nc(nc(n1)N(C)C)N(C)C,-2.676
O2c1ccccc1N(CC)C(=O)c3ccccc23,-3.68
CC(=O)SC4CC1=CC(=O)CCC1(C)C5CCC2(C)C(CCC23CCC(=O)O3)C45,-4.173
Brc1ccc2ccccc2c1,-4.4
ClC(Cl)(Cl)Cl,-2.31
Cl\C=C/Cl,-1.3
Cc1ccccc1N,-2.21
CN(C)c2c(C)n(C)n(c1ccccc1)c2=O,-0.364
CCCCc1c(C)nc(NCC)[nH]c1=O,-3.028
CC34CCC1C(CCC2=CC(=O)CCC12O)C3CCC4(O)C#C,-4.57
Cn1ccc(=O)[nH]c1=O,-0.807
O=C1NC(=O)NC(=O)C1(CC)CC,-2.4
CC1CC2C3CCC(O)(C(=O)C)C3(C)CC(O)C2(F)C4(C)C=CC(=O)C=C14,-4.099
CCCCOc1ccc(C(=O)OCC)c(c1)N(CC)CC,-3.84
Oc1cccc2ccccc12,-2.22
Oc1ccc(cc1)N(=O)=O,-0.74
c1c(O)C2C(=O)C3cc(O)ccC3OC2cc1(OC),-2.943
CCOC(=O)N,0.85
Clc1cc(Cl)c(c(Cl)c1)c2c(Cl)cc(Cl)cc2Cl,-8.71
CCOc1ccc(NC(N)=O)cc1,-2.17
c1cccc2c3c(C)cc4ccccc4c3ccc12,-6.59
c3ccc2c(O)c1ccccc1cc2c3,-4.73
CC(C)C,-2.55
CCN2c1nc(N(C)(CCO))ccc1NC(=O)c3cccnc23,-3.36
CCC(=O)CC,-0.28
CCCCCC(C)(C)O,-1.72
CCCCCCCCCC(=O)OCC,-4.1
Clc1ccc(c(Cl)c1)c2cc(Cl)ccc2Cl,-6.57
CC(C)CO,0.1
Nc1c(C)c[nH]c(=O)n1,-1.4580000000000002
COc2c1occc1c(OC)c3c(=O)cc(C)oc23,-3.0210000000000004
CCCCC#C,-2.36
Clc1ccccc1,-2.38
COc1cc(cc(OC)c1O)C6C2C(COC2=O)C(OC4OC3COC(C)OC3C(O)C4O)c7cc5OCOc5cc67,-3.571
O=C2CN(N=Cc1ccc(o1)N(=O)=O)C(=O)N2,-3.38
CCCCCCCC(=O)OC,-3.17
CC45CCC2C(CCC3CC1SC1CC23C)C4CCC5O,-5.41
COc2ncc1nccnc1n2,-1.11
CCOP(=S)(OCC)SCSCC,-4.11
CC,-1.36
CCCCCCC(=O)OCC,-2.74
Clc2ccc1oc(=O)[nH]c1c2,-2.8310000000000004
CC(C)Br,-1.59
ClC(Cl)(Cl)N(=O)=O,-2.0
Cc1cccc2ccccc12,-3.7
OCC(O)COC(=O)c1ccccc1Nc2ccnc3cc(Cl)ccc23,-4.571000000000001
c1c(NC(=O)OC(C)C(=O)NCC)cccc1,-1.83
CCCN(CCC)c1c(cc(cc1N(=O)=O)C(F)(F)F)N(=O)=O,-5.68
O=N(=O)c1ccccc1N(=O)=O,-3.1
c1cc2ccc3cccc4ccc(c1)c2c34,-6.176
CC(C)CC(C)(C)O,-0.92
CCCOC(C)C,-1.34
CCCOC(=O)CC,-0.82
C1(=O)NC(=O)NC(=O)C1(O)C2(O)C(=O)NC(=O)NC2(=O),-1.99
c1ccc2ccccc2c1,-3.6
O=C2NC(=O)C1(CCCCCC1)C(=O)N2,-3.168
CC(=O)OCC(COC(=O)C)OC(=O)C,-0.6
CN(C)C(=O)Nc1ccc(Cl)cc1,-2.89
CCC(=C(CC)c1ccc(O)cc1)c2ccc(O)cc2,-4.07
Nc1nc(=O)[nH]cc1F,-0.972
c1ccc2c(c1)cnc3ccccc23,-2.78
Clc1cccc(Cl)c1c2ccccc2,-5.21
CC(C)C(C)C,-3.65
OCC(O)C(O)CO,0.7
ClCC(Cl)Cl,-1.48
CC(=O)CCC1C(=O)N(N(C1=O)c2ccccc2)c3ccccc3,-3.27
CC(=O)OCC(=O)C3(O)C(CC4C2CCC1=CC(=O)C=CC1(C)C2(F)C(O)CC34C)OC(C)=O,-4.13
CC1(C)C(C=C(Cl)Cl)C1C(=O)OC(C#N)c2cccc(Oc3ccccc3)c2,-8.017000000000001
Oc1cccc(Cl)c1,-0.7
OC(c1ccc(Cl)cc1)(c2cncnc2)c3ccccc3Cl,-4.38
Oc1cccc2ncccc12,-2.54
Oc1ccccc1Cl,-1.06
Clc1cccc(Cl)c1,-3.04
Nc2nc1[nH]cnc1c(=O)[nH]2,-3.583
NC(=S)Nc1ccccc1,-1.77
CCN(CC)c1c(cc(c(N)c1N(=O)=O)C(F)(F)F)N(=O)=O,-5.47
O=C1NC(=O)c2ccccc12,-2.61
Clc1ccc(c(Cl)c1)c2ccc(Cl)c(Cl)c2Cl,-7.8
CC(C)C(=O)C,-0.12
Clc1cccc2ccccc12,-3.93
Cc1ccc(cc1)N(=O)=O,-2.49
CCCCCCCCCCCCCCCCCCCCCCCCCC,-8.334
CC(=O)N(S(=O)c1ccc(N)cc1)c2onc(C)c2C,-3.59
CC1(OC(=O)N(C1=O)c2cc(Cl)cc(Cl)c2)C=C,-4.925
CCOP(=S)(OCC)SCSc1ccc(Cl)cc1,-5.736000000000001
CCCCCCCCCCCCO,-4.8
CCCC,-2.57
Nc1ncnc2n(ccc12)C3OC(CO)C(O)C3O,-1.95
Clc1cc(Cl)c(cc1Cl)c2cccc(Cl)c2Cl,-7.21
CC(=O)C3CCC4C2CC=C1CC(O)CCC1(C)C2CCC34C,-4.65
CC1=CC(=O)CC(C)(C)C1,-1.06
CN(C)C(=O)Nc1cccc(c1)C(F)(F)F,-3.43
CCCC(C)C,-3.74
O=N(=O)c1cccc(c1)N(=O)=O,-2.29
CCCCCCCCC(=O)OCC,-3.8
COP(=O)(OC)OC(=CCl)c1cc(Cl)c(Cl)cc1Cl,-4.522
CCC(=O)OC,-0.14
Cc1ccccc1O,-0.62
c1ccc2c(c1)[nH]c3ccccc32,-5.27
O=C1N(COC(=O)CCCCC)C(=O)C(N1)(c2ccccc2)c3ccccc3,-5.886
O=C1N(COC(=O)CCC)C(=O)C(N1)(c2ccccc2)c3ccccc3,-5.071000000000001
CCCCC(O)CC,-1.47
CC4CC3C2CCC1=CC(=O)C=CC1(C)C2(F)C(O)CC3(C)C4(O)C(=O)COC(C)=O,-4.9
C=Cc1ccccc1,-2.82
CN(C)C(=O)C,1.11
c1ccc(cc1)c2ccccc2,-4.345
CC(C)CCCO,-1.14
COc1cccc(Cl)c1,-2.78
ClC(=C)Cl,-1.64
CCCCOCN(C(=O)CCl)c1c(CC)cccc1CC,-4.19
Cc1ccccc1Br,-2.23
c1cc2ccc3ccc4ccc5cccc6c(c1)c2c3c4c56,-9.018
CCCCCCCCCCCCCCCC,-8.4
Clc1ccc(Cl)c(Cl)c1Cl,-4.57
CCCCO,0.0
CCCCCCCCC,-5.88
OCC(O)C(O)C(O)C(O)CO,0.06
CCCCCCC=C,-4.44
OCC(O)C(O)C(O)C(O)CO,1.09
CC(C)Oc1cc(c(Cl)cc1Cl)n2nc(oc2=O)C(C)(C)C,-5.696000000000001
Oc1c(Cl)cccc1Cl,-1.79
CC12CC2(C)C(=O)N(C1=O)c3cc(Cl)cc(Cl)c3,-4.8
CCN(Cc1c(F)cccc1Cl)c2c(cc(cc2N(=O)=O)C(F)(F)F)N(=O)=O,-6.78
CC2Nc1cc(Cl)c(cc1C(=O)N2c3ccccc3C)S(N)(=O)=O,-3.78
c1ccc2cc3ccccc3cc2c1,-6.35
CCCCOC(=O)c1ccc(N)cc1,-3.082
CCN2c1cc(OC)cc(C)c1NC(=O)c3cccnc23,-5.153
OCC1OC(C(O)C1O)n2cnc3c(O)ncnc23,-1.23
CCCC1C(=O)N3N(C1=O)c2cc(C)ccc2N=C3N(C)C,-3.5380000000000003
Brc1ccccc1Br,-3.5
CCN2c1cc(N(C)C)cc(C)c1NC(=O)c3cccnc23,-4.871
CCOP(=S)(CC)Oc1cc(Cl)c(Cl)cc1Cl,-5.752000000000001
CC12CCC3C(CCc4cc(O)ccc34)C2CCC1=O,-3.955
Cc1cccc2c1Cc3ccccc32,-5.22
C1CCc2ccccc2C1,-4.37
CCCC(=O)OC,-1.92
CCOP(=S)(OCC)SCSC(C)(C)C,-4.755
Oc1ccccn1,1.02
O=N(=O)c1cc(Cl)c(Cl)cc1,-3.2
c1ccoc1,-0.82
CC(=O)OCC(=O)C1(O)CCC2C3CCC4=CC(=O)CCC4(C)C3C(O)CC21C,-4.88
Nc3ccc2cc1ccccc1cc2c3,-5.17
NC(=O)N,0.96
Fc1ccccc1Br,-2.7
CCCCCCCCCCCCCC,-7.96
Brc1ccccc1,-2.55
OC(C1=CC2C5C(C1C2=C(c3ccccc3)c4ccccn4)C(=O)NC5=O)(c6ccccc6)c7ccccn7,-3.931
CN(C)C(=O)N(C)C,0.94
CCC,-1.94
CCCCCCCBr,-4.43
Clc1ccc(cc1)c2cc(Cl)ccc2Cl,-6.25
CCC(O)(CC)CC,-0.85
Sc1nccc(=O)[nH]1,-2.273
Nc1cccc(c1)N(=O)=O,-2.19
COc1ccc(cc1)N(=O)=O,-2.41
CCCCC(CC)C=O,-2.13
CCOP(=O)(OCC)OCC,0.43
CCc1ccccc1,-2.77
Cc1ccc(O)cc1C,-1.38
O=C1NC(=O)C(N1)(c2ccccc2)c3ccccc3,-4.097
CC1=C(C(=O)Nc2ccccc2)S(=O)(=O)CCO1,-2.281
ClC(Cl)CC(=O)NC2=C(Cl)C(=O)c1ccccc1C2=O,-5.03
C1c2ccccc2c3cc4ccccc4cc13,-8.04
CCCOCC,-0.66
Nc1cc(nc(N)n1=O)N2CCCCC2,-1.989
COCC(=O)N(C(C)C(=O)OC)c1c(C)cccc1C,-1.601
CC(C)C=C,-2.73
CC(=O)Nc1ccc(Cl)cc1,-2.843
CCN(CC)C(=O)CSc1ccc(Cl)nn1,-1.716
CCCCCCCCOC(=O)c1ccccc1C(=O)OCCCCCCCC,-5.115
Nc1ccc(cc1)S(=O)(=O)c2ccc(N)cc2,-3.094
O=C2NC(=O)C1(CCCCC1)C(=O)N2,-3.06
NS(=O)(=O)c2cc1c(NC(NS1(=O)=O)C(Cl)Cl)cc2Cl,-2.68
CCCBr,-1.73
CCCCCCCCCCCCCCCCCCCC,-8.172
CCCN(=O)=O,-0.8
CC(=O)OC3(CCC4C2CCC1=CC(=O)CCC1C2CCC34C)C#C,-4.8
c2ccc1[nH]ncc1c2,-2.16
CCCCC(C)(C)O,-1.08
O=N(=O)c1ccc(cc1)N(=O)=O,-3.39
OCC3OC(OCC2OC(OC(C#N)c1ccccc1)C(O)C(O)C2O)C(O)C(O)C3O,-0.77
CCOP(=S)(OCC)Oc1nc(Cl)n(n1)C(C)C,-3.658
CCCC#C,-1.64
Oc1ccncc1,1.02
Nc1nc(O)nc2nc[nH]c12,-3.401
CSCS(=O)CC(CO)NC(=O)C=Cc1c(C)[nH]c(=O)[nH]c1=O,-1.981
O=C1NC(=O)NC(=O)C1(C)C,-1.742
Oc1ccc(cc1)C2(OC(=O)c3ccccc23)c4ccc(O)cc4,-2.9
COc2cc1c(N)nc(nc1c(OC)c2OC)N3CCN(CC3)C(=O)OCC(C)(C)O,-3.638
CCCCCCCCC(=O)C,-3.3
CCC(O)CC,-0.24
CN(C)C(=O)Oc1cc(C)nn1c2ccccc2,-2.09
COc1ccc(C=O)cc1,-1.49
ClCCl,-0.63
Oc1c(Cl)c(Cl)c(Cl)c(Cl)c1Cl,-4.28
ClCCCl,-1.06
CCCCCCCCCC(=O)OC,-4.69
Clc1cccc(n1)C(Cl)(Cl)Cl,-3.76
c1cc(O)c(O)c2OCC3(O)CC4=CC(=O)C(O)=CC4=C3c21,-2.7
C2c1ccccc1N(CCF)C(=O)c3ccccc23,-4.799
CN(C)C(=O)C(c1ccccc1)c2ccccc2,-2.98
